Title,Post date,Date; time,Issues,Institution(s),Other Organization(s),URL,Body,All terms
Kick-Starting Your Energy Management Program Webinar,Dec 11 2013 - 1:06pm,"Jan. 7, 2014; 3:00 p.m. Eastern","December 17, 2013",,U.S. Department of Energy,https://www4.gotomeeting.com/register/876952055,Hosted by U.S. Department of Energy,Events
RecycleMania 2014: Rules and Reporting Webinar,Nov 19 2013 - 6:22pm,"Jan. 9, 2014; 2:00 p.m. Eastern","January 7, 2014 December 17, 2013",,RecycleMania,https://www1.gotomeeting.com/register/120467640,Hosted by RecycleMania,Events
RecycleMania 2014: Promotional Strategies Webinar,Nov 19 2013 - 9:45pm,"Jan. 16, 2014; 2:00 p.m. Eastern","January 7, 2014",,RecycleMania,https://www1.gotomeeting.com/register/298579992,Hosted by RecycleMania,Events
Community College Sustainability Success Stories,Jan 9 2014 - 2:43pm,"Jan. 21, 2014; 1:30 p.m. Eastern","January 14, 2014",Johnson County Community College,,http://www.jccc.edu/sustainability/events/webinars/index.html,Hosted by Johnson County Community College,Events
RecycleMania 2014: Rules and Reporting Webinar,Nov 19 2013 - 9:47pm,"Jan. 23, 2014; 2:00 p.m. Eastern","January 21, 2014",,RecycleMania,https://www1.gotomeeting.com/register/497424744,Hosted by RecycleMania,Events
SEED Workshop: CC Educating for and Building a Clean Economy,Dec 2 2013 - 6:50pm,"Jan. 29, 2014; 9:00 a.m. Eastern","December 3, 2013",American Association of Community Colleges,SEED Center,http://theseedcenter.org/Special-Pages/2014-Workforce-Development-Institute-%28WDI%29--SEED-W,Hosted by the American Association of Community Colleges and the Sustainability Education & Economic Development Center,Events
Self-Leadership for Sustainability Workshop,Jan 14 2014 - 8:58pm,"Feb. 4, 2014","January 28, 2014",,University of Derby,http://www.eauc.org.uk/shop/mms_single_event.php?event_id=3543&utm_source=EAUC&utm_campaign=adea507d81-self+lship+090114&utm_medium=email&utm_term=0_ee0ce3610d-adea507d81-296796529,Hosted by University of Derby,Events
EAUC Webinar: Advancing Student-Driven & Staff-Supported Change,Jan 24 2014 - 1:45pm,"Feb. 5, 2014; 7:00 a.m.","January 28, 2014",Environmental Association for Universities & Colleges,"University of Greenwich, Maastricht University",http://www.eauc.org.uk/shop/mms_single_event.php?event_id=3521&utm_source=EAUC&utm_campaign=d3fa552d0b-eNews+21+Jan+2014&utm_medium=email&utm_term=0_ee0ce3610d-d3fa552d0b-296796529,Hosted by the Environmental Association for Universities and Colleges,Events
Creating the Next Generation of Sustainability Programs,Jan 8 2014 - 4:21pm,"Feb. 5, 2014; 1:00 p.m.","February 4, 2014 January 21, 2014",,Spheres of Influence,http://www.eventbrite.com/e/a-sea-change-viii-julie-newman-the-next-generation-of-sustainability-tickets-8157855365,Hosted by Spheres of Influence,Events
Washington Higher Education Sustainability Conference,Oct 31 2013 - 1:13pm,"Feb. 6-7, 2013","November 5, 2013",Western Washington University,,http://wahesc.org/downloads/WAHESC14_CFP.pdf,Hosted by Western Washington University,Events
Washington  Higher Education Sustainability Conference,Jan 23 2014 - 4:11pm,"Feb. 6-7, 2014","January 28, 2014",Western Washington University,,http://wahesc.org/,Hosted by Western Washington University,Events
Institutional Green Cleaning Webinar,Jan 29 2014 - 5:30pm,"Feb. 11, 2014; 12:00 p.m.","February 4, 2014",Kent State University University of Colorado Budget and Finance System Administration Office,National Joint Powers Alliance,https://njpa.webex.com/mw0401l/mywebex/default.do?nomenu=true&siteurl=njpa&service=6&rnd=0.7722647466006762&main_url=https%3A%2F%2Fnjpa.webex.com%2Fec0701l%2Feventcenter%2Fevent%2FeventAction.do%3FtheAction%3Ddetail%26confViewID%3D1004774316%26%26%26%26si,Hosted by National Joint Powers Alliance,Events
2014 Energy & Sustainability Conference,May 8 2013 - 12:28pm,"Feb. 12-13, 2014","May 14, 2013",Virginia Commonwealth University,,http://www.esc-east.org/?utm_source=Energy+%26+Sustainability+Conference&utm_campaign=50b51a445d-Sponsor_Exhibitor_05_07_2013&utm_medium=email&utm_term=0_aaa16eada1-50b51a445d-20521,Hosted by Virginia Commonwealth University,Events
CURC Webinar: Waste Reduction During Move-Out,Feb 3 2014 - 8:37pm,"Feb. 13, 2014; 1:00 p.m. Eastern","February 4, 2014",College & University Recycling Coalition,,https://www1.gotomeeting.com/register/447667720,Hosted by College & University Recycling Coalition,Events
Sustainable Turf Management for Collegiate Sports Webinar,Feb 3 2014 - 7:35pm,"Feb. 13, 2014; 2:00 p.m. Eastern","February 11, 2014 February 4, 2014",,"U.S. Environmental Protection Agency, Sports Turf Managers Association, and the Pacific Northwest Pollution Prevention Resource Center",https://www3.gotomeeting.com/register/810983038,"Hosted by U.S. Environmental Protection Agency, Sports Turf Managers Association, and the Pacific Northwest Pollution Prevention Resource Center",Events
C2C Fellows Sustainability Leadership Workshop,Oct 10 2013 - 5:41pm,"Feb. 14-16, 2014",,Bard College,,https://crm.orionondemand.com/crm/forms/zG0042c0708Ex6700kC725,,Events
Student Sustainability Leadership Workshop,Jan 5 2014 - 11:29am,"Feb. 14-16, 2014","January 7, 2014",Bard College,,https://crm.orionondemand.com/crm/forms/zG0042c0708Ex6700kC725,Hosted by Bard College,Events
Sustainable Agriculture & Community Gardens at Community Colleges,Feb 5 2014 - 12:37pm,"Feb. 18, 2014; 1:30 p.m.","February 11, 2014",Johnson County Community College,,http://www.jccc.edu/sustainability/events/webinars/index.html,Hosted by Johnson County Community College,Events
Department of Energy and Campus Microgrids Webinar,Feb 3 2014 - 4:02pm,"Feb. 19, 2014; 2:00p.m. Eastern","February 18, 2014 February 4, 2014",,"AASHE, U.S. Department of Energy",https://www.eventbrite.com/e/webinar-doe-campus-microgrids-registration-10402380801,,Events
Annual Climate Leadership Conference,Feb 10 2014 - 2:11pm,"Feb. 24-26, 2014","February 11, 2014",U.S. Environmental Protection Agency,,http://www.climateleadershipconference.org/,Hosted by the U.S. Environmental Protection Agency,Events
2014 Beyond Sustainability Conference,Jan 2 2014 - 6:01pm,"Feb. 28 - Mar. 1, 2014","January 7, 2014",Hillsborough Community College,,http://www.hccfl.edu/departments/sustainability/2014-beyond-sustainability-conference.aspx,Hosted by Hillsborough Community College,Events
Smart and Sustainable Campuses Conference 2014,Dec 12 2013 - 11:52am,"Mar. 3-4, 2014","February 4, 2014 January 7, 2014","University of Maryland, College Park",,http://www.sustainability.umd.edu/content/community/SSCC_register.php,Hosted by University of Maryland,Events
Rescheduled AASHE Webinar: DOE + Campus Microgrids,Feb 24 2014 - 9:31pm,"March 5, 2014; 2:00 p.m. Eastern","March 4, 2014 February 25, 2014",,"AASHE, U.S. Department of Energy",https://www.eventbrite.com/e/rescheduled-webinar-doe-campus-microgrids-registration-10691706181,,Events
CURC Webinar: Strategic Placement of Bins to Increase Rates,Mar 7 2014 - 4:39pm,"March 13, 2014; 1:00 p.m. Eastern","March 11, 2014",College & University Recycling Coalition,,https://www1.gotomeeting.com/register/853146937,Hosted by College & University Recycling Coalition,Events
Fundamentals of Energy Auditing,Jan 14 2014 - 10:17pm,"Mar. 17 - 21, 2014","January 21, 2014",University of Wisconsin-Madison,,http://epdweb.engr.wisc.edu/Courses/Course.lasso?myCourseChoice=N824,Hosted by University of Wisconsin at Madison,Events
"Trottier Symposium on Sustainable Engineering, Energy & Design",Feb 6 2014 - 5:38pm,"Mar. 17-18, 2014","February 11, 2014",McGill University,Polytechnique Montreal,http://www.mcgill.ca/tised/annual-symposium,Hosted by McGill University,Events
"The ACUPCC, USGBC & Community Colleges Webinar",Mar 7 2014 - 9:59pm,"March 18, 2014; 1:30 p.m.","March 11, 2014",Johnson County Community College,,http://www.jccc.edu/sustainability/events/webinars/index.html,Hosted by Johnson County Community College,Events
AASHE Webinar: Curc & Co-Curc Tools for Engaging Social Change,Mar 3 2014 - 2:49pm,"March 19, 2014; 2:00 p.m. Eastern","March 18, 2014 March 4, 2014",,AASHE,https://www.eventbrite.com/e/webinar-shared-learning-and-shared-action-curricular-and-co-curricular-tools-for-engaging-the-registration-10402675683,Hosted by AASHE,Events
Student Sustainability Leadership Workshop,Jan 5 2014 - 11:35am,"March 21-23, 2014","February 25, 2014",University of Florida,Bard Center for Environmental Policy,https://crm.orionondemand.com/crm/forms/zG0042c0708Ex6700kC725,Hosted by University of Florida,Events
Green Schools National Conference,Mar 5 2014 - 4:19pm,"March 27-29, 2014","March 11, 2014",,Green Schools National Network,http://greenschoolsnationalnetwork.org/conference/about/aboutgsnn/,Hosted by Green Schools National Network,Events
Sustainability Partnerships: Corporations & Higher Ed,Mar 11 2014 - 1:06pm,"April 2, 2014; 1:00 p.m. Eastern","April 1, 2014 March 18, 2014",,Spheres of Influence,https://www.eventbrite.com/e/green-corporate-partnerships-in-higher-ed-pitfalls-opportunities-tickets-9663137705,Hosted by Spheres of Influence,Events
Building Sustainability Into the College Strategic Plan Webinar,Mar 7 2014 - 9:54pm,"April 2, 2014; 2:00 p.m. Eastern","March 11, 2014",American Association of Community Colleges,The SEED Center,https://events-na2.adobeconnect.com/content/connect/c1/14339732/en/events/event/shared/890469906/event_landing.html?sco-id=890482293,Hosted by the American Association of Community Colleges and Sustainability Education & Economic Development,Events
Incorporating Sustainability into Campus Strategic Planning,Mar 10 2014 - 10:32am,"April 2, 2014; 2:00 p.m. Eastern","April 1, 2014 March 25, 2014 March 11, 2014",,"AASHE, Waste Management, Spelman College",http://www.aashe.org/node/84363,Hosted by Waste Management and Spelman College,Events
Compost from Food Waste & Soil Chemistry on a College Campus,Mar 12 2014 - 4:47pm,"April 3, 2014; 2:00 p.m. EAstern","April 1, 2014 March 18, 2014",St. John's University,,https://www2.gotomeeting.com/register/682882026,Hosted by St. John's University,Events
Just TRADE It! Launch a Student Reuse Campaign,Mar 20 2014 - 1:54pm,"April 3, 2014; 3:00 p.m. Eastern","March 25, 2014","Tradepal, Inc.",,https://attendee.gotowebinar.com/register/6058935048351175425,Hosted by Tradepal,Events
Food Waste & Hunger Summit,Feb 23 2014 - 4:04pm,"April 5-6, 2014","February 25, 2014",Northwestern University,,http://www.campuskitchens.org/conference/,Hosted by Northwestern University,Events
Exec Education for Sustainability Leadership Info Session I,Apr 3 2014 - 10:23am,"April 8, 2014; 4:30 p.m. Eastern","April 8, 2014",Harvard University,,https://usgbc.webex.com/usgbc/j.php?MTID=ma73136e2fdba0af2fc3d773438d58b3b,Hosted by Harvard School of Public Health,Events
Just TRADE It! Launch Your Student Reuse Campaign for Earth Day,Apr 3 2014 - 9:51am,"April 9, 2014; 3:00 p.m. Eastern","April 8, 2014","Tradepal, Inc.",,https://attendee.gotowebinar.com/register/8416248395885372674,Hosted by Tradepal,Events
Ball State U Geothermal Conference,Feb 3 2014 - 7:27pm,"Apr. 10, 2014","March 4, 2014 February 4, 2014",Ball State University,,http://cms.bsu.edu/academics/centersandinstitutes/cote/sustainability/conclave,Hosted by Ball State University,Events
SEI Green Revolving Investment Tracking System (GRITS) Webinar,Mar 26 2014 - 2:52pm,"April 10, 2014; 2:00 p.m. Eastern","April 8, 2014 April 1, 2014",Sustainable Endowments Institute,,http://www.eventbrite.com/e/grits-10-launch-grits-affiliates-registration-10993274179,Hosted by Sustainable Endowments Institute,Events
Exec Education for Sustainability Leadership Info Session II,Apr 3 2014 - 10:26am,"April 10, 2014; 4:30 p.m. Eastern","April 8, 2014",Harvard University,,https://usgbc.webex.com/usgbc/j.php?MTID=mfd99eca117d5813cb090116f5e0b8c48,Hosted by Harvard School of Public Health,Events
Sustainable City Year Conference,Feb 5 2014 - 11:33am,"Apr. 15-18, 2014","February 11, 2014",University of Oregon,,http://sci.uoregon.edu/scyp-conference,Hosted by University of Oregon,Events
7th Annual Farm to Cafeteria Conference,Feb 24 2014 - 6:10pm,"April 15-18, 2014","March 11, 2014 February 25, 2014",,,http://farmtocafeteriaconference.org/7/,Hosted by National Farm to School Network and Sustainable Food Center,Events
"Community Colleges, Education, and the Impending Water Crisis",Apr 14 2014 - 10:28pm,"April 15, 2014; 4:00 p.m. Eastern","April 15, 2014",American Association of Community Colleges,The SEED Center,https://events-na2.adobeconnect.com/content/connect/c1/14339732/en/events/event/shared/890398551/event_landing.html?sco-id=890384136&_charset_=utf-8,Hosted by the American Association of Community Colleges SEED Center,Events
Solar Procurement Templates & Tools for Higher Education,Apr 3 2014 - 9:58am,"April 16, 2014; 1:00 p.m. Eastern","April 8, 2014",U.S. Environmental Protection Agency,,https://www2.gotomeeting.com/register/294493986,Hosted by U.S. EPA's Green Power Partnership,Events
Stories of Sustainability: Engaging Students and Removing Silos,Mar 18 2014 - 3:03pm,"April 17, 2014; 1:00 p.m.","April 8, 2014 March 25, 2014",,Higher Education Associations Sustainability Consortium,https://www2.gotomeeting.com/register/431124146,Hosted by Higher Education Associations Sustainability Consortium,Events
SEI Green Revolving Investment Tracking System (GRITS) Webinar,Apr 14 2014 - 9:37pm,"April 17, 2014; 2:00 p.m. Eastern","April 15, 2014",Sustainable Endowments Institute,,http://www.eventbrite.com/e/launch-of-grits-10-the-introduction-of-grits-affiliates-registration-11269925651,Hosted by Sustainable Endowments Institute,Events
GreenGoingForward Eco Conference,Apr 21 2014 - 10:17pm,"April 23, 2014","April 22, 2014",,Atlanta Metropolitan State College,http://ggfgo4green.weebly.com/,Hosted by Atlanta Metropolitan State College,Events
Student Sustainability Leadership Workshop,Jan 5 2014 - 11:39am,"April 25-27, 2014","March 25, 2014",Bard College Moraine Valley Community College,,https://crm.orionondemand.com/crm/forms/zG0042c0708Ex6700kC725,Hosted by Moraine Valley Community College,Events
Retro-Commissioning Aged Student Health Centers,Apr 5 2014 - 11:30pm,"April 29, 2014; 12:00 p.m. Eastern","April 29, 2014 April 15, 2014","University of California, Santa Barbara",,https://attendee.gotowebinar.com/register/4597094756821582849,Hosted by University of California at Santa Barbara,Events
10th Annual Northeast Campus Sustainability Consortium,Mar 12 2014 - 2:51pm,"April 30, 2014","March 25, 2014",Brown University,Northeast Campus Sustainability Consortium,http://necsc.wordpress.com/,Hosted by Brown University,Events
Webinar: The Impact of Sustainable Purchasing Decisions,Apr 21 2014 - 11:16pm,"April 30, 2014; 2:00 p.m. Eastern","April 29, 2014 April 22, 2014",,,https://www.eventbrite.com/e/webinar-the-impact-of-sustainable-purchasing-decisions-this-is-the-4th-and-final-webinar-in-the-registration-10402701761,Hosted by AASHE supported by the Ray C. Anderson Foundation,Events
How the Commissioning Process Impacts Quality Construction,Jan 14 2014 - 10:14pm,"May 5-7, 2014","January 28, 2014",University of Wisconsin-Madison,,http://epdweb.engr.wisc.edu/Courses/Course.lasso?myCourseChoice=N854,Hosted by University of Wisconsin at Madison,Events
EAUC Annual Conference 2014,Nov 21 2013 - 12:02am,"May 7-9, 2014","February 25, 2014 January 28, 2014",Environmental Association for Universities & Colleges,,http://www.eauc.org.uk/annual_conference,Hosted by Nottingham Trent University,Events
"Metrics and Certifications, & Sustainability Management Software",Apr 23 2014 - 9:31pm,"May 7, 2014; 12:00 p.m. Eastern","May 6, 2014 April 29, 2014","Stanford University University of California, San Francisco",,https://attendee.gotowebinar.com/register/7828395603622763009,,Events
New Principles of Sustainable Purchasing Leadership Webinar,Apr 29 2014 - 11:27am,"May 7, 2014; 1:00 p.m. Eastern","May 6, 2014",,Sustainable Purchasing Leadership Council,http://info.greenbiz.com/05-07-2014SPLCWebcast.html?src=splc,Hosted by Sustainable Purchasing Leadership Council,Events
The Commissioning Process for LEED Projects,Jan 14 2014 - 10:15pm,"May 8-9, 2014","February 4, 2014",University of Wisconsin-Madison,,http://epdweb.engr.wisc.edu/Courses/Course.lasso?myCourseChoice=N855,Hosted by University of Wisconsin at Madison,Events
The Commissioning Process for Existing Buildings,Jan 14 2014 - 10:19pm,"May 8-9, 2014","February 4, 2014",University of Wisconsin-Madison,,http://epdweb.engr.wisc.edu/Courses/Course.lasso?myCourseChoice=N856,Hosted by University of Wisconsin at Madison,Events
The National Climate Assessment Webinar,Apr 14 2014 - 10:18pm,"May 9, 2014; 1:00 p.m. Eastern","May 6, 2014 April 29, 2014",,,https://www1.gotomeeting.com/register/833406545?utm_source=National+Climate+Assessment+Final+Report+Webinar&utm_campaign=date+change+and+panel&utm_medium=email,"Hosted by Second Nature, U.S. Global Change Research Program, National Council on Science and the Environment, and Adaptation International",Events
AASHE Workshop: Developing Campus Living Laboratories,Mar 31 2014 - 5:38pm,"May 15-16, 2014","April 22, 2014 April 8, 2014",Pennsylvania State University,,https://www.eventbrite.com/e/developing-campus-living-laboratories-workshop-registration-10602970771,Hosted by Pennsylvania State University,Events
CURC Webinar: Taking Your Recycling Program to the Next Level,Apr 3 2014 - 7:21pm,"May 15, 2014; 1:00 p.m. Eastern","May 13, 2014 April 29, 2014",College & University Recycling Coalition,,https://www1.gotomeeting.com/register/726241265,Hosted by CURC,Events
Northeast Climate Change Preparedness Conference,Dec 16 2013 - 4:11pm,"May 19-21, 2014","March 4, 2014 January 14, 2014","Antioch University, New England",,http://www.antiochne.edu/wp-content/uploads/2013/07/Days-1-and-2-Conf-Flier-V2-Dec2013.pdf,Hosted by Antioch University New England,Events
Sustainable Purchasing Leadership Council Annual Meeting,Mar 31 2014 - 5:09pm,"May 20-21, 2014","April 29, 2014 April 1, 2014",,Sustainable Purchasing Leadership Council,http://www.purchasingcouncil.org/am2014/,Hosted by the Sustainable Purchasing Leadership Council,Events
AASHE Webinar: Sustainability Leadership Programs,May 7 2014 - 7:16pm,"May 21, 2014; 2:00 p.m. Eastern","May 20, 2014 May 13, 2014",,AASHE,https://www.eventbrite.com/e/webinar-sustainability-leadership-programs-best-practices-common-challenges-and-next-steps-registration-10403044787,,Events
National Community College Sustainability Webinar,May 26 2014 - 1:37pm,"May 27, 2014; 1:30 p.m. Eastern","May 27, 2014",Johnson County Community College,,https://meeting.jccc.edu/orion/meeting/meetingInfo?MeetingKey=999192424&siteurl=meeting,Hosted by Johnson County Community College,Events
Engaging Students in Health and Wellness,Apr 23 2014 - 9:36pm,"May 28, 2014; 12:00 p.m. Eastern","May 20, 2014","University of California, Davis University of California, Santa Barbara",,https://attendee.gotowebinar.com/register/2251287798473329665,,Events
ISCN 2014 Conference: Pushing Boundaries,May 12 2014 - 2:18pm,"June 1-4, 2014","May 27, 2014 May 13, 2014",Harvard University Massachusetts Institute of Technology,,http://www.international-sustainable-campus-network.org/2014-conference/iscn-2014-conference.html,Hosted by Harvard University and Massachusetts Institute of Technology,Events
Green Chemistry & Engineering 2014 Student Workshop,Apr 3 2014 - 4:26pm,"June 16, 2014; 7:30 a.m. Eastern","May 13, 2014 April 15, 2014",,,http://www.gcande.org/students/green-chemistry-engineering-student-workshop/,Hosted by the 18th Annual Green Chemistry & Engineering Conference,Events
Executive Education for Sustainability Leadership,Mar 17 2014 - 4:21pm,"June 18-20, 2014","May 6, 2014 March 18, 2014",Harvard University,,https://ecpe.sph.harvard.edu/programs.cfm?CSID=EELS0614,Hosted by Harvard University,Events
Using the EPA Calculator to Measure Environmental Outcomes,Apr 17 2014 - 2:16pm,"June 18, 2014; 1:00 p.m. Eastern","June 17, 2014 June 3, 2014",U.S. Environmental Protection Agency,,https://www4.gotomeeting.com/register/181882663,Hosted by the U.S. Environmental Protection Agency,Events
Culturally Competent Sustainability Professionals Webinar,Jun 2 2014 - 3:07pm,"June 18, 2014; 2:00 p.m. Eastern","June 17, 2014 June 10, 2014 June 3, 2014",,AASHE,https://www.eventbrite.com/e/webinar-culturally-competent-sustainability-professionals-registration-10403072871,,Events
Practicing Behavior Interventions Workshop,Apr 28 2014 - 10:24pm,"June 20, 2014","June 10, 2014 May 27, 2014 May 13, 2014 April 29, 2014",,,http://www.aashe.org/node/84269,Hosted by Babson College,Events
Campuses as Catalysts for Regenerative Food Systems Conference,Apr 20 2014 - 10:00am,"June 22-25, 2014","May 20, 2014 April 22, 2014",University of Massachusetts Amherst,,http://www.revisioningsustainability.com/,Hosted by University of Massachusetts Amherst,Events
Fostering the Social Impact of Business Schools,Apr 23 2014 - 7:42pm,"June 22-24, 2014","May 20, 2014 April 29, 2014",,,http://www.aacsb.edu/en/events/conference/2014/sustainability/,Hosted by The Association to Advance Collegiate Schools of Business,Events
Just TRADE It! Launching Your Student Reuse Network Webinar,Jun 23 2014 - 3:44pm,"June 26, 2014; 12:00 p.m. Eastern","June 24, 2014","Tradepal, Inc.",,http://tradepal.tumblr.com/WEBINARS,,Events
Just TRADE It! Launching Your Student Reuse Network Webinar,Jun 23 2014 - 3:48pm,"June 27, 2014; 12:00 p.m. Eastern","June 24, 2014","Tradepal, Inc.",,http://tradepal.tumblr.com/WEBINARS,,Events
Creating the Citizens of Tomorrow Student Research Conference,May 5 2014 - 5:17pm,"June 28-July 1, 2014","June 3, 2014 May 6, 2014",,,http://www.cur.org/conferences_and_events/cur_conference_2014/,Hosted by the Council on Undergraduate Research,Events
Game Day & Special Event Recycling: CURC Webinar,Jul 1 2014 - 8:41pm,"July 10, 2014; 1:00 p.m. Eastern","July 8, 2014",College & University Recycling Coalition,,https://www1.gotomeeting.com/register/196927017,,Events
2014 Green Sports Alliance Summit,May 7 2014 - 1:47pm,"July 21-23, 2014","June 17, 2014 May 13, 2014",Green Sports Alliance,,http://summit.greensportsalliance.org/,Hosted by Green Sports Alliance,Events
Using Energy & Water Competitions to Engage Your Campus,Jul 7 2014 - 9:46am,"July 23, 2014; 2:00 p.m. Eastern","July 22, 2014 July 15, 2014 July 8, 2014",,AASHE,http://www.aashe.org/events/webinars/2014/Getting-Started-With-Using-Energy-and-Water-Reduction-Competitions-to-Engage-your-Campus,,Events
Creating a Culture of Sustainability Webinar,Jul 14 2014 - 2:56pm,"July 29, 2014; 12:00 p.m. Eastern","July 22, 2014",Babson College Boston University GreenerU,,http://events.r20.constantcontact.com/register/event?llr=dqgnl5pab&oeidk=a07e9iqs11v7080b75f,,Events
Ball State U & Chevrolet: New Carbon Credit Methodology,Aug 4 2014 - 11:18am,"Aug. 5, 2014; 1:00 p.m. Eastern","August 5, 2014",Ball State University Chevrolet,,https://www1.gotomeeting.com/register/960844449,,Events
Just Sustainability: Hope for the Commons Conference,Nov 6 2013 - 9:09pm,"Aug. 7-9, 2014","June 17, 2014 April 1, 2014 January 28, 2014",Seattle University,,http://www.seattleu.edu/cejs/2014-Conference/,Hosted by Seattle University,Events
Sustainability Across the Community College Campus,May 5 2014 - 10:59pm,"Aug. 13-15, 2014","August 5, 2014 July 22, 2014 July 8, 2014 June 17, 2014 June 3, 2014 May 20, 2014 May 6, 2014",,,http://www.aashe.org/node/84270,Hosted by Moraine Valley Community College,Events
Promoting Sustainable Landscapes: Making a Case for Campus Trees,Jul 10 2014 - 9:09pm,"Aug. 20, 2014; 2:00 p.m. Eastern","August 19, 2014 August 12, 2014 July 29, 2014 July 15, 2014",,AASHE,http://www.aashe.org/events/webinars/2014/Promoting-Sustainable-Landscapes-Making-a-Case-for-Campus-Trees,,Events
Game Day Recycling Challenge Orientation Webinar,Aug 12 2014 - 8:15am,"Aug. 26, 2014; 1:00 p.m. Eastern","August 19, 2014",,Game Day Challenge,https://www1.gotomeeting.com/register/168738513,,Events
2nd World Symposium on Sustainable Development at Universities,Mar 24 2014 - 8:34pm,"Sept. 3-5, 2014","May 27, 2014 April 29, 2014 March 25, 2014",,Hamburg University of Applied Science,http://www.haw-hamburg.de/en/ftz-als/veranstaltungen/wssd-2014/registration-wssd011.html,Hosted by Hamburg University of Applied Science at Bergedorf,Events
A Deep Dive into Food Waste Program Design,Sep 5 2014 - 12:55pm,"Sept. 11, 2014; 1-2:30 p.m. ET","September 9, 2014",College & University Recycling Coalition,,https://www1.gotomeeting.com/register/302534905,,Events
Mid-America Prosperity and Security Conference,Aug 1 2014 - 1:13pm,"Sept. 12, 2014","August 12, 2014",Indiana State University,,http://www.unboundedpossibilities.com/institute-for-community-sustainability/community/conference-2014.aspx,Hosted by Indiana State University,Events
Sustainability and Nursing Programs,Sep 15 2014 - 8:49am,"Sept. 16, 2014; 1:30 - 2:30 p.m.","September 16, 2014",Johnson County Community College,,https://meeting.jccc.edu/orion/meeting/meetingInfo?MeetingKey=996658394&siteurl=meeting,,Events
Composting is a Team Sport - Greening Stadiums and Arenas,Sep 15 2014 - 8:53am,"Sept. 17, 2014; 1:00 - 2:00 p.m.","September 16, 2014",,US Composting Council,http://compostingcouncil.org/webinar-greening-stadiums/,,Events
Project Management for the Sustainability Professional Webinar,Jul 28 2014 - 7:43pm,"Sept. 17, 2014; 3:00 p.m. Eastern","September 16, 2014 September 9, 2014 September 2, 2014 August 26, 2014 August 12, 2014",,AASHE,http://www.aashe.org/events/webinars/2014/From-To-Do-to-Done-Project-Management-for-the-Sustainability-Professional,,Events
Grant Writing and Other Financing Strategies for Universities,Sep 15 2014 - 8:45am,"Sept. 23, 2014; 10:00-11:30 a.m.","September 16, 2014",,University of North Carolina Environmental Finance Center,https://www1.gotomeeting.com/register/589279737,,Events
Meeting the Growing Demand for Plant-Based Foods,Sep 5 2014 - 12:58pm,"Sept. 24, 2014; 4-5 p.m. ET","September 9, 2014",,The Humane Society of the United States,https://www3.gotomeeting.com/register/833912502,,Events
Recycling Water for Supply Reliability,Sep 19 2014 - 12:04pm,"Sept. 25, 2014; 2:00 - 3:00 p.m. ET","September 23, 2014",Sustainable City Network,,https://www3.gotomeeting.com/register/978659382?utm_source=SCN+InBox+e-Newsletter&utm_campaign=40208ab19f-UWWebinar6-6-2014&utm_medium=email&utm_term=0_11e7ac761c-40208ab19f-188566537,,Events
Green Apple Day of Service,Aug 18 2014 - 12:45pm,"Sept. 27, 2014","August 19, 2014",,Green Apple,http://www.mygreenapple.org/dayofservice,,Events
2014 Presidential Summit on Climate Leadership,May 19 2014 - 12:29pm,"Oct. 1-3, 2014","September 16, 2014 September 2, 2014 August 12, 2014 July 22, 2014 June 17, 2014 May 20, 2014",Second Nature,,http://secondnature.org/resources/summit-2014,Hosted by Second Nature,Events
Cooking Meals for Meatless Monday,Sep 19 2014 - 11:54am,"Oct. 1, 2014; 4:00 - 5:00 p.m. ET","September 23, 2014",,The Humane Society of the United States,https://www3.gotomeeting.com/register/772047230,,Events
Ecomusics & Ecomusicologies 2014: Dialogues,Sep 5 2014 - 12:52pm,"Oct. 2-6, 2014","September 9, 2014","University of North Carolina, Asheville",,http://news.unca.edu/articles/ecomusics-2014-brings-world-renowned-musicians-and-scholars-unc-asheville-oct-2-6,,Events
Education for Sustainability: Building Capacity in Higher Ed,Sep 26 2014 - 7:44pm,"Oct. 3, 2014","September 30, 2014",,Copernicus Alliance Conference,http://www.ue4sd.eu/copernicus-conf,,Events
EfS: Building Capacity in Higher Education International Conf,Jul 21 2014 - 11:39am,"Oct. 3, 2014","August 26, 2014 July 29, 2014",,,http://www.ue4sd.eu/copernicus-conf,Hosted by Charles University,Events
How Three Buyers Source Large-Scale Solar Electricity,Sep 29 2014 - 12:14pm,"Oct. 7, 2014; 1:00 - 2:30 p.m. ET","September 30, 2014",,Environmental Protection Agency,http://www.epa.gov/greenpower/events/7oct14_webinar.htm,,Events
Successfully Promoting Healthy Alternatives,Sep 15 2014 - 8:34am,"Oct. 8, 2014; 4-5 p.m.","September 16, 2014",,The Humane Society of the United States,https://www3.gotomeeting.com/register/214110078,,Events
Green Seal 25th Anniversary Celebration,Sep 29 2014 - 12:17pm,"Oct. 8, 2014; 6:00 p.m. - 9:00 p.m. ET","September 30, 2014",Green Seal,,http://www.greenseal.org/AboutGreenSeal/Our25thAnniversary.aspx,,Events
Resilient Design: Transitioning to the New Built Environment,Oct 13 2014 - 12:49pm,"Oct. 16, 2014; 12:00 p.m. Eastern","October 14, 2014",Antioch University,,http://www.antiochne.edu/community/center-climate-preparedness-community-resilience/,,Events
Starting a Green Labs Program: Promoting Safety & Sustainability,Oct 6 2014 - 12:21pm,"Oct. 16, 2004; 2:00 - 3:00 p.m. ET","October 7, 2014","Campus Safety, Health, and Environmental Management Association",,http://www.cshema.org/content.aspx?id=2328,,Events
Civil Discourse & Civic Engagement in Student & Academic Affairs,Sep 5 2014 - 12:45pm,"Oct. 16, 2014; 3-4:30 p.m. ET","October 7, 2014 September 30, 2014 September 23, 2014 September 16, 2014 September 9, 2014",,"HEASC, AASHE",https://www2.gotomeeting.com/register/847362234,Sponsored by the Higher Education Associations Sustainability Consortium (HEASC),Events
Energy Dept 2015 Race to Zero Student Design Competition Webinar,Oct 16 2014 - 4:31pm,"Oct. 21, 2014; 1:00 p.m. Eastern","October 21, 2014",,U.S. Department of Energy,https://attendee.gotowebinar.com/register/817676372794365442,,Events
Introductory Sustainability Courses at Community Colleges Webinar,Oct 13 2014 - 12:34pm,"Oct. 21, 2014; 3:30 p.m. Eastern","October 14, 2014",Johnson County Community College,,https://meeting.jccc.edu/orion/meeting/meetingInfo?MeetingKey=997579693&siteurl=meeting&back=all,,Events
Making Universities Sustainable 2014 Conference,Jul 28 2014 - 8:39pm,"Oct. 22-24, 2014","July 29, 2014",,University of Copenhagen,http://climate.ku.dk/green_campus/sustainableuniversities/,Hosted by University of Copenhagen,Events
Campus Sustainability Day,Sep 19 2014 - 12:01pm,"Oct. 22, 2014","September 23, 2014",Second Nature,,http://campussustainabilityday.org/,,Events
Becoming a Certified Sustainable Resource Management Professional,Aug 22 2014 - 11:16am,"Oct. 22, 2014","October 21, 2014 October 7, 2014 September 30, 2014 September 23, 2014",,"AASHE, University of Colorado",http://www.aashe.org/events/webinars/2014/Becoming-a-Certified-Sustainable-Resource-Management-Professional,,Events
4th Annual Christian Sustainability Symposium,May 29 2014 - 12:07pm,"Oct. 24-25, 2014","September 2, 2014 June 3, 2014",George Fox University,,http://christiansustainability.org/?page_id=126,Hosted by George Fox University,Events
International Energy and Sustainability Conference,Sep 5 2014 - 12:49pm,"Oct. 24, 2014","September 9, 2014",,Farmingdale State College,https://www.farmingdale.edu/academics/centers-institutes/resc/conferences/iesc2014/index.shtml,,Events
AASHE 2014 Conference & Expo,Feb 17 2014 - 9:49pm,"Oct. 26-29, 2014","October 21, 2014 October 14, 2014 October 7, 2014 September 30, 2014 September 23, 2014 September 16, 2014 September 9, 2014 September 2, 2014 August 26, 2014 August 19, 2014 August 5, 2014 July 8, 2014 April 8, 2014 March 4, 2014 February 18, 2014",,AASHE,http://conference.aashe.org/2014/,Hosted by AASHE,Events
Executive Education for Disruptive Sustainability Workshop,Aug 12 2014 - 8:21am,"Oct. 26, 2014","October 21, 2014 October 14, 2014 October 7, 2014 September 30, 2014 September 9, 2014 August 19, 2014",,AASHE,http://conference.aashe.org/2014/program/executive-education-for-disruptive-sustainability-workshop/,Hosted by AASHE,Events
BioCycle East Coast Conference 2014,Aug 18 2014 - 12:43pm,"Oct. 27-30, 2014","August 19, 2014",,BioCycle,http://www.biocycleeastcoast.com/,Hosted by Turf Valley Resort,Events
"Connecting Sustainability, Student Engagement, and Workforce Dev",Oct 16 2014 - 3:53pm,"Oct. 30, 2014; 11:30 a.m. Eastern","October 21, 2014",American Association of Community Colleges,SEED Center,https://events-na2.adobeconnect.com/content/connect/c1/14339732/en/events/event/shared/872237410/event_registration.html?sco-id=901599884&_charset_=utf-8,,Events
Farm2Campus Conference 2014,Oct 13 2014 - 2:50pm,"Oct. 31, 2014","October 14, 2014",Jefferson Community and Technical College,,https://farm2campus2014.splashthat.com/#tickets,Hosted by Jefferson Community and Technical College,Events
International Australasian Campuses Towards Sustainability Conf,Aug 22 2014 - 10:59am,"Nov. 5 - 7, 2014","August 26, 2014",,International Australasian Campuses Towards Sustainability Conference,http://www.actsconference.com.au/,,Events
Green California Schools and CC Summit and Exposition,Aug 28 2014 - 2:16pm,"Nov. 5-6, 204","September 2, 2014",,Green California Schools and Community Colleges,http://www.green-technology.org/,,Events
2014 Partners in Community Forestry Conference,Oct 13 2014 - 12:46pm,"Nov. 5-6, 2014","October 14, 2014",,,http://arborday.org/shopping/pcf/2014/index.cfm,,Events
Educating the Next Leaders in Sustainability,Oct 21 2014 - 3:27pm,"Nov. 10, 2014; 12:00 p.m. Eastern","November 4, 2014",,Spheres of Influence,https://www.eventbrite.com/e/educating-the-next-leaders-in-sustainability-with-mike-shriberg-phd-eban-goodstein-phd-tickets-13334185909?ref=estw,,Events
ISSP Conference 2014,Oct 13 2014 - 12:42pm,"Nov. 12-14, 2014","October 14, 2014",International Society of Sustainability Professionals,,http://www.sustainabilityprofessionals.org/issp-conference-2014,Hosted by International Society of Sustainability Professionals,Events
Propane-Powered Lawn Mowers Lower Emissions and Fuel Cost,Oct 6 2014 - 2:58pm,"Nov. 12, 2014; 2:00 p.m. Eastern","November 11, 2014 November 4, 2014 October 7, 2014",,"AASHE, Propane Education & Research Council, University of Louisville",http://www.aashe.org/events/webinars/2014/PERC,,Events
Campus as Living Laboratory Workshop,Oct 10 2014 - 2:50pm,"Nov. 14, 2014","October 14, 2014",American Association of Community Colleges,SEED Center,http://www.theseedcenter.org/News---Events/Events,Hosted by Bluegrass Community & Technical College Newtown Campus,Events
2014 Eco-Rep Symposium,Sep 15 2014 - 8:55am,"Nov. 15, 2014; 1:00 - 2:00 p.m.","September 16, 2014",Tufts University,,http://sustainability.tufts.edu/programs/ecorepresentatives/ecorep-symposium/2014-eco-rep-symposium-at-tufts/,,Events
Introductory Community Based Social Marketing Workshop,Jul 6 2014 - 4:15pm,"Nov. 17-18, 2014","August 12, 2014 July 8, 2014",,,https://register.cbsm.com/registrations/02f01b35b0e09d2774fbd0a7d51c38e5442aa725/edit,Hosted by Tufts University,Events
Advanced Community Based Social Marketing Workshop,Jul 6 2014 - 4:17pm,"Nov. 19-20, 2014","August 12, 2014 July 8, 2014",,,https://register.cbsm.com/registrations/dce9778b43f79f2084a60b9547efcd4a840f3ff3/edit,Hosted by Tufts University,Events
Enhancing Climate Focused Curricula with AMS Climate Studies,Aug 22 2014 - 11:18am,"Nov. 19, 2014; 3:00 p.m. Eastern","November 18, 2014 November 11, 2014 November 4, 2014",American Meteorological Society,AASHE,http://www.aashe.org/events/webinars/2014/Enhancing-Sustainability-and-Climate-Focused-Curricula-with-AMS-Climate-Studies,,Events
"Learning Gardens, Farms and Teaching About Them",Nov 13 2014 - 1:53pm,"Nov. 20, 2014; 1:30 p.m. Eastern","November 18, 2014",,,https://meeting.jccc.edu/orion/meeting/meetingInfo?MeetingKey=994008643&siteurl=meeting,,Events
Troubleshooting Your ACUPCC Greenhouse Gas Inventory,Dec 1 2014 - 5:52pm,"Dec. 4, 2014; 2:00 p.m. Eastern","December 2, 2014",Second Nature,,https://attendee.gotowebinar.com/register/2712763829207613954,,Events
Campus as Living Laboratory Workshop,Oct 10 2014 - 2:50pm,"Dec. 5, 2014","November 18, 2014",American Association of Community Colleges,SEED Center,http://www.theseedcenter.org/getattachment/News-And-Events/Events/AACC-SEED-LL-Workshop-Save-the-Date-Chicago.pdf,Hosted by College of Lake County Vernon Hills Campus,Events
The Impact of the 2014 Midterm Elections on Campus Sustainability,Dec 4 2014 - 1:49pm,"Dec. 16, 2014; 1:30 p.m. Eastern","December 9, 2014",Johnson County Community College,,http://www.jccc.edu/sustainability/events/webinars/index.html,,Events
Energy Dept Race to Zero Student Design Comp: Effective Teaming,Dec 11 2014 - 1:17pm,"Dec. 17, 2014; 12:00 p.m. Eastern","December 16, 2014",,U.S. Department of Energy,https://attendee.gotowebinar.com/register/3884521067910857729,,Events
Tools for Water Use Reduction in Your Building Portfolio,Dec 18 2014 - 3:02pm,"Jan. 6, 2015; 3:00 p.m. Eastern","January 6, 2015",,U.S. Department of Energy,https://www4.gotomeeting.com/register/438847607,,Events
Sustainability Across the Curriculum Leadership Workshop,Oct 16 2014 - 1:44pm,"Jan. 8-9, 2015","November 11, 2014 November 4, 2014",Emory University,AASHE,http://www.aashe.org/events/workshops/2015/Sustainability-Across-the-Curriculum-Jan-2015,Hosted by Emory University,Events
Innovative Approaches to Sustainability Ed at U.S. Universities,Dec 22 2014 - 5:10pm,"Jan. 14, 2015; 1:00 p.m. Eastern","January 6, 2015",Appalachian State University Arizona State University,"Portland State University, George Washington University",https://www1.gotomeeting.com/register/859750785,,Events
The Form and Function of the Sustainability Agenda in Higher Ed,Jan 5 2015 - 12:38pm,"Jan. 14, 2015; 3:00 p.m. Eastern","January 13, 2015 January 6, 2015",Kauai Community College University at Albany,AASHE,http://www.aashe.org/events/webinars/2015/AASHE-2015-Award-Winner-Webinar-Series-1,,Events
Undergraduate Research in Service of Sustainability Webinar,Dec 8 2014 - 1:57pm,"Jan. 15, 2015; 3:00 p.m. Eastern","January 6, 2015",,,http://www.cur.org/events/webinar_undergraduate_research_in_service_of_sustainability__toward_a_national_agenda/,,Events
Energy and Climate Change Conference,Jan 2 2015 - 5:05pm,"Jan. 27-29, 2015","January 6, 2015",,National Council for Science and the Environment,http://www.energyandclimatechange.org/topics/view/53e906520cf2541de6d03281/,,Events
"Composting, Recycling and Turning Trash Into Cash",Jan 19 2015 - 6:09pm,"Jan. 28, 2015; 3:00 p.m. Eastern","January 27, 2015 January 20, 2015",Austin Community College University of San Diego,AASHE,http://www.aashe.org/events/webinars/2015/AASHE-2015-Award-Winner-Webinar-Series-2,,Events
ISSP Certification Education Partners Webinar,Feb 2 2015 - 12:20pm,"Feb. 4, 2015; 1:00 p.m. Eastern","February 3, 2015",International Society of Sustainability Professionals,,http://www.sustainabilityprofessionals.org/civicrm/event/info?id=5630&reset=1,,Events
Tools for Marketing Sustainability Across Campus,Feb 5 2015 - 2:28pm,"Feb. 10, 2015; 1:00 p.m. Eastern","February 10, 2015",GreenerU,,http://events.r20.constantcontact.com/register/event?oeidk=a07eafshxznc21cd62f&llr=dqgnl5pab,,Events
Promoting Climate Science Education Webinar,Feb 5 2015 - 10:53am,"Feb. 11, 2015; 2:30 p.m. Eastern","February 10, 2015",American Meteorological Society Second Nature,,https://attendee.gotowebinar.com/register/1252205569680353281?utm_content=buffer1461a&utm_medium=social&utm_source=twitter.com&utm_campaign=buffer,,Events
Changing Commuting Behaviors Webinar,Feb 2 2015 - 9:33pm,"Feb. 11, 2015; 3-4:30 p.m. Eastern","February 10, 2015 February 3, 2015",University of Louisville,AASHE,http://www.aashe.org/events/webinars/2015/AASHE-2015-Award-Winner-Webinar-Series-3,,Events
Exec Education for Core Business Integration of Sustainability,Feb 5 2015 - 5:50pm,"Feb. 13, 2015; 12:00 p.m. Eastern","February 10, 2015",Harvard University,,https://adobeformscentral.com/?f=7wqZMpLhGVHenCr1nw7CZw,,Events
Service Learning and Sustainability Webinar,Feb 5 2015 - 10:48am,"Feb. 17, 2015; 1:30 p.m. Eastern","February 10, 2015",Johnson County Community College,,http://www.jccc.edu/sustainability/events/webinars/index.html,,Events
AASHE 10-Year Anniversary Live Tweet Session: 2015 Conf Proposals,Feb 13 2015 - 2:19pm,"Feb. 19, 2015; 3-4:00 p.m. Eastern","February 17, 2015",,AASHE,http://www.aashe.org/blog/call-proposals-live-tweet,Hosted by @AASHENews on Twitter,Events
Intentionally Designed Endowment Student Forum,Jan 2 2015 - 5:08pm,"Feb. 21, 2015","January 20, 2015",Mount Holyoke College,,http://www.intentionalendowments.org/student_forum_feb_2015,Hosted by Mount Holyoke College,Events
Introduction to Sustainability in the Curriculum and STARS,Feb 5 2015 - 6:42pm,"Feb. 25, 2015; 3-4:30 p.m. Eastern","February 24, 2015 February 17, 2015","Creative Change Educational Solutions University of California, Los Angeles",AASHE,http://www.aashe.org/events/webinars/2015/Educating-For-Sustainability-1,,Events
Getting Credit For Recycling & Materials Management,Feb 13 2015 - 4:39pm,"Feb. 26, 2015; 1-2:30 p.m. Eastern","February 17, 2015",College & University Recycling Coalition,,https://attendee.gotowebinar.com/register/1022766080442628097,,Events
6th Annual Intermountain Sustainability Summit,Dec 11 2014 - 11:53am,"March 5-6, 2015","December 16, 2014",Weber State University,,http://www.intermountainsustainabilitysummit.com/home-1,Hosted by Weber State University,Events
ACPA 2015 Sustainability Institute: Eco-Justice & Student Affairs,Dec 18 2014 - 12:17pm,"March 5, 2015","January 6, 2015",,,http://cdms.myacpa.org/programs/book/program_info.cfm?program=747&form=REU8PMZ5UJ,Hosted by the American College Personnel Association,Events
ACPA College Student Educators International,Feb 9 2015 - 11:06am,"March 7-8, 2015","February 10, 2015",,,http://convention.myacpa.org/tampa2015/,Hosted by the American College Personnel Association,Events
Exec Education for Core Business Integration of Sustainability,Feb 5 2015 - 5:51pm,"March 10, 2015; 3:00 p.m. Eastern","March 03, 2015",Harvard University,,https://adobeformscentral.com/?f=7wqZMpLhGVHenCr1nw7CZw,,Events
The Why and How of Transformative Learning,Feb 5 2015 - 6:47pm,"March 11, 2015; 3-4:30 p.m. Eastern","(Unpublished) March 10, 2015 March 03, 2015",Northwest Earth Institute,AASHE,http://www.aashe.org/events/webinars/2015/Educating-For-Sustainability-2,,Events
Community Colleges as Learning Labs for Sustainability,Mar 4 2015 - 3:41pm,"March 17, 2015; 1:30 p.m. Eastern","(Unpublished) March 10, 2015",Johnson County Community College,,https://meeting.jccc.edu/orion/meeting/meetingInfo?MeetingKey=991811614&siteurl=meeting,,Events
To Tend the Earth: Responding to the Global Climate Change Crisis,Feb 5 2015 - 4:27pm,"March 19-20, 2015","February 10, 2015",John Carroll University Loyola University Chicago Marquette University University of Detroit Mercy Xavier University,,https://epay.luc.edu/C20996_ustores/web/store_main.jsp?STOREID=204&SINGLESTORE=true,Hosted by Loyola University Chicago,Events
2015 EAUC Annual Conference,Jan 26 2015 - 12:49pm,"March 23-25, 2015","January 27, 2015",Environmental Association for Universities & Colleges,,http://www.eauc.org.uk/annual_conference,,Events
Exec Education for Core Business Integration of Sustainability,Feb 5 2015 - 5:57pm,"March 24, 2015; 4:00 p.m. Eastern","(Unpublished) March 17, 2015",Harvard University,,https://adobeformscentral.com/?f=7wqZMpLhGVHenCr1nw7CZw,,Events
Strategies for Institutionalizing Sustainability in Curriculum,Feb 5 2015 - 6:50pm,"March 25, 2015; 3-4:30 p.m. Eastern","(Unpublished) March 24, 2015 (Unpublished) March 17, 2015",Dickinson College University of Hawaii Kapiolani Community College,AASHE,http://www.aashe.org/events/webinars/2015/Educating-For-Sustainability-3,,Events
Mid-West Regional Sustainable Conference,Jan 27 2015 - 6:40pm,"March 27-29, 2015","February 3, 2015",University of Cincinnati,,https://www.eventbrite.com/e/mid-west-regional-sustainable-conference-tickets-15303543310,Hosted by University of Cincinnati,Events
Smart and Sustainable Campuses Conference 2015,Jan 2 2015 - 5:19pm,"March 30-31, 2015","February 17, 2015 January 20, 2015","University of Maryland, College Park",,http://www.sustainability.umd.edu/content/community/SSCC_register.php,,Events
Farm to Institution Summit,Feb 17 2015 - 12:41pm,"April 7-9, 2015","February 24, 2015",,,http://www.farmtoinstitution.org/summit,Hosted by University of Massachusetts Amherst,Events
Ball State U Geothermal Conference,Dec 11 2014 - 12:20pm,"April 8, 2015","December 16, 2014",Ball State University,,http://cms.bsu.edu/academics/centersandinstitutes/cote/sustainability/conclave,Hosted by Ball State University,Events
Strategies for Redesigning Courses to Integrate Sustainability,Feb 5 2015 - 6:54pm,"April 8, 2015; 3-4:30 p.m. Eastern","(Unpublished) April 7, 2015 (Unpublished) March 31, 2015",Creative Change Educational Solutions,,http://www.aashe.org/events/webinars/2015/Educating-For-Sustainability-4,,Events
Strengthening Ties for Collective Impact Conference,Feb 6 2015 - 12:40pm,"April 9-10, 2015","(Unpublished) March 17, 2015 February 10, 2015",University of Massachusetts Amherst,,https://umass.irisregistration.com/Home/Site?code=CampusSustainability,Hosted by the University of Massachusetts at Amherst,Events
Planning Impactful Waste Reduction Outreach Campaigns,Feb 13 2015 - 4:41pm,"April 9, 2015; 1-2:30 p.m. Eastern","(Unpublished) April 7, 2015",College & University Recycling Coalition,,https://attendee.gotowebinar.com/register/6866879289281483010,,Events
BioCycle West Coast Conference 2015,Dec 11 2014 - 12:59pm,"April 13-16, 2015","January 13, 2015",BioCycle Magazine,,http://www.biocyclewestcoast.com/,Hosted by BioCycle Magazine,Events
Recycling Energy Forum Expo & Education,Dec 5 2014 - 12:44pm,"April 24, 2015","December 9, 2014",,,http://recyclingenergyforum.com/miami-expo/,Hosted by Recycling Energy Forum,Events
Sustainable Purchasing Leadership Council Summit 2015,Feb 9 2015 - 2:11pm,"May 26-28, 2015","March 03, 2015",Sustainable Purchasing Leadership Council,,https://www.sustainablepurchasing.org/summit15/schedule/,Hosted by the Sustainable Purchasing Leadership Council,Events
Community Based Social Marketing Workshop Denver,Feb 11 2015 - 11:12am,"June 1-4, 2015","February 17, 2015",,,https://register.cbsm.com/workshops/denver-2015,Hosted by Red Rocks Community College,Events
Seizing an Alternative Toward an Ecological Civilization Conf,Feb 16 2015 - 2:01pm,"June 4-7, 2015","February 17, 2015",Pomona College,,http://www.ctr4process.org/whitehead2015/,Hosted by Pomona College,Events
Community Based Social Marketing Workshop Minneapolis,Feb 11 2015 - 11:11am,"June 8-11, 2015","February 17, 2015",,,https://register.cbsm.com/workshops/minneapolis-2015,Hosted by Hamline University,Events
Earth Educators' Rendezvous 2015,Jan 27 2015 - 12:27pm,"July 13-17, 2015","February 3, 2015",University of Colorado Boulder,,http://serc.carleton.edu/earth_rendezvous/2015/index.html,"Hosted by University of Colorado, Boulder",Events
Energypath 2015 Net Zero,Feb 25 2015 - 11:51am,"July 20-24, 2015","March 03, 2015",Sustainable Energy Fund,,http://www.energypath.org/Agenda/tabid/121/Default.aspx,Hosted by University of Scranton,Events

